term_localName,label,label_fr,definition,definition_fr,usage,usage_fr,notes,notes_fr,examples,rdf_type,tdwgutility_organizedInClass,tdwgutility_required,tdwgutility_repeatable
addressCountry,Address Country,Pays de l’Adresse,"The country. For example, USA. You can also provide the two-letter ISO 3166-1 alpha-2 country code.","Le pays. Par exemple, les États-Unis. Vous pouvez également fournir le code pays à deux lettres ISO 3166-1 alpha-2.",,,Recommended best practice is to use a controlled vocabulary -- e.g. current ISO 3166 Country Codes.,"La pratique optimale recommandée consiste à utiliser un vocabulaire contrôlé, par exemple les codes pays ISO 3166 actuels.","`Denmark`, `DK`, `Colombia`, `CO`, `España`, `ES`",http://www.w3.org/1999/02/22-rdf-syntax-ns#Property,http://rs.tdwg.org/dwc/terms/attributes/Address,Yes,No
addressLocality,Address Locality,Localité de l’Adresse,"The locality in which the street address is, and which is in the region. For example, Mountain View.","La localité dans laquelle se trouve l'adresse postale, et qui se trouve dans la région. Par exemple, Mountain View.",The locality in which the address is located. AddressLocality is a more specific geographic area than addressRegion.,La localité dans laquelle se trouve l'adresse. AddressLocality est une zone géographique plus spécifique que addressRegion.,,,"`Holzminden`, `Araçatuba`, `Ga-Segonyana`, `Mountain View`, `Coventry`, `Tokyo`",http://www.w3.org/1999/02/22-rdf-syntax-ns#Property,http://rs.tdwg.org/dwc/terms/attributes/Address,No,No
addressRegion,Address Region,Région de l’Adresse,"The region in which the locality is, and which is in the country. For example, California or another appropriate first-level Administrative division.","La région dans laquelle se trouve la localité, et qui se trouve dans le pays. Par exemple, la Californie ou une autre division administrative de premier ordre appropriée.",,,,,"`Missoula`, `Los Lagos`, `Mataró`, `Guangdong`",http://www.w3.org/1999/02/22-rdf-syntax-ns#Property,http://rs.tdwg.org/dwc/terms/attributes/Address,No,No
postalCode,Postal Code,Code Postal,"The postal code. For example, 94043.","Le code postal. Par exemple, 94043.",,,,,"`32308`, `SW7 5HD`, `10115`, `3080`",http://www.w3.org/1999/02/22-rdf-syntax-ns#Property,http://rs.tdwg.org/dwc/terms/attributes/Address,No,No
postOfficeBoxNumber,Post Office Box Number,Numéro de Boîte Postale,The post office box number for PO box addresses.,Le numéro de boîte postale pour les adresses de boîte postale.,,,,,`PO Box 7169`,http://www.w3.org/1999/02/22-rdf-syntax-ns#Property,http://rs.tdwg.org/dwc/terms/attributes/Address,No,No
streetAddress,Street Address,Rue et Numéro de Rue de l’Adresse,"The street address. For example, 1600 Amphitheatre Pkwy.","L'adresse de la rue. Par exemple, 1600 Amphitheatre Parkway.",,,,,"`Invalidenstraße 43`, `1400 S. Du Sable Lake Shore Dr`, `960 Carling Avenue`",http://www.w3.org/1999/02/22-rdf-syntax-ns#Property,http://rs.tdwg.org/dwc/terms/attributes/Address,Yes,No
additionalName,Additional Name,Nom Supplémentaire,"An additional name for a Person, can be used for a middle name.","Un nom supplémentaire pour une personne, peut être utilisé pour le deuxième prénom.",,,,,"`Stewart`, `Grace`, `Manthey`, `Kwame`",http://www.w3.org/1999/02/22-rdf-syntax-ns#Property,http://rs.tdwg.org/dwc/terms/attributes/Person,No,No
familyName,Family Name,Nom de Famille,"Family name. In the U.S., the last name of a Person.","Nom de famille. Aux États-Unis, nom de famille d'une personne.",,,,,"`Jones`, `Keita`, `O'Rourke`, `Carreño Quiñones`",http://www.w3.org/1999/02/22-rdf-syntax-ns#Property,http://rs.tdwg.org/dwc/terms/attributes/Person,No,No
givenName,Given Name,Prénom,"Given name. In the U.S., the first name of a Person.","Prénom. Aux États-Unis, le premier prénom d'une personne.",,,,,"`Beth`, `John`, `María José`, `Björn`",http://www.w3.org/1999/02/22-rdf-syntax-ns#Property,http://rs.tdwg.org/dwc/terms/attributes/Person,No,No
fullName,Full Name,Nom Complet,String of the preferred form of personal name for displaying.,Chaîne de caractères correspondant à la forme privilégiée du nom de personne à afficher.,,,,,"`James Ewert Bradshaw`, `T. van Hooijdonk`",http://www.w3.org/1999/02/22-rdf-syntax-ns#Property,http://rs.tdwg.org/dwc/terms/attributes/Person,No,No
chronometricAgeProtocol,Chronometric Age Protocol,Protocole de l’Âge Chronométrique,A description of or reference to the methods used to determine the chronometric age.,Description ou référence aux méthodes utilisées pour déterminer l'âge chronométrique.,,,,,"`Radiocarbon dating using an Accelerator Mass Spectrometry`, `Pb-Pb Dating`, `41Ca - 41K Chronometer`, `U-Pb Dating using a Thermal Ionization Mass Spectrometer`, `U-Pb Radiometric Dating`, `Thermoluminescence`, `Paleomagnetism`, `Pb-Pb Chronometer as described in Amelin et al. (2002) Science 297, 1678-1683`",http://www.w3.org/1999/02/22-rdf-syntax-ns#Property,http://rs.tdwg.org/dwc/terms/attributes/ChronometricAge,No,No
chronometricAgeRemarks,Chronometric Age Remarks,Remarques sur l’Âge Chronométrique,Notes or comments about the ChronometricAge.,Remarques ou commentaires concernant le ChronometricAge.,,,,,"`Beta Analytic number: 323913` `One of the Crassostrea virginica right valve specimens from North Midden Feature 17 was chosen for AMS dating, but it is unclear exactly which specimen it was.`",http://www.w3.org/1999/02/22-rdf-syntax-ns#Property,http://rs.tdwg.org/dwc/terms/attributes/ChronometricAge,No,No
chronometricAgeUncertaintyInYears,Chronometric Age Uncertainty In Years,Incertitudes autour de l’Âge Chronométrique en Année,The temporal uncertainty of the earliestChronometricAge and latestChronometicAge in years.,L'incertitude temporelle de l'earliestChronometricAge et du latestChronometicAge en années.,,,The expected unit for this field is years. The value in this field is number of years before and after the values given in the earliest and latest chronometric age fields within which the actual values are estimated to be.,L'unité attendue pour ce champ est l'année. La valeur dans ce champ correspond au nombre d'années avant et après les valeurs indiquées dans les champs d'âge chronométrique le plus ancien et le plus récent dans lesquels les valeurs sont estimées se situer réellement.,`100`,http://www.w3.org/1999/02/22-rdf-syntax-ns#Property,http://rs.tdwg.org/dwc/terms/attributes/ChronometricAge,No,No
earliestChronometricAge,Earliest Chronometric Age,Âge Chronométrique le plus Ancien,The maximum/earliest/oldest possible age of a specimen as determined by a dating method.,"L'âge maximal/le plus ancien/le plus précoce possible d'un spécimen, tel que déterminé par une méthode de datation.",,,"The expected unit for this field is years. This field, if populated, must have an associated earliestChronometricAgeReferenceSystem.","L'unité attendue pour ce champ est l'année. Si ce champ est renseigné, il doit être associé à un earliestChronometricAgeReferenceSystem.",`100`,http://www.w3.org/1999/02/22-rdf-syntax-ns#Property,http://rs.tdwg.org/dwc/terms/attributes/ChronometricAge,No,No
earliestChronometricAgeReferenceSystem,Earliest Chronometric Age Reference System,Système de Référence de l’Âge Chronométrique le plus Ancien,The reference system associated with the earliestChronometricAge.,Le système de référence associé à l'earliestChronometricAge.,,,,,"`kya`, `mya`, `BP`, `AD`, `BCE`",http://www.w3.org/1999/02/22-rdf-syntax-ns#Property,http://rs.tdwg.org/dwc/terms/attributes/ChronometricAge,No,No
latestChronometricAge,Latest Chronometric Age,Âge Chronométrique le plus Récent,The minimum/latest/youngest possible age of a specimen as determined by a dating method.,"L'âge minimum/le plus récent/le plus jeune possible d'un spécimen, tel que déterminé par une méthode de datation.",The minimum/latest/youngest possible age of an object in the collection as determined by a dating method.,"L'âge minimum/le plus récent/le plus jeune possible d'un objet de la collection, tel que déterminé par une méthode de datation.","The expected unit for this field is years. This field, if populated, must have an associated latestChronometricAgeReferenceSystem.","L'unité attendue pour ce champ est l'année. Si ce champ est renseigné, il doit être associé à un latestChronometricAgeReferenceSystem.",`27`,http://www.w3.org/1999/02/22-rdf-syntax-ns#Property,http://rs.tdwg.org/dwc/terms/attributes/ChronometricAge,No,No
latestChronometricAgeReferenceSystem,Latest Chronometric Age Reference System,Système de Référence de l’Âge Chronométrique le plus Récent,The reference system associated with the latestChronometricAge.,Le système de référence associé au latestChronometricAge.,,,Recommended best practice is to use a controlled vocabulary.,La pratique optimale recommandée est d'utiliser un vocabulaire contrôlé.,"`kya`, `mya`, `BP`, `AD`, `BCE`",http://www.w3.org/1999/02/22-rdf-syntax-ns#Property,http://rs.tdwg.org/dwc/terms/attributes/ChronometricAge,No,No
verbatimChronometricAge,Verbatim Chronometric Age,Verbatim de l’Âge Chronométrique,"The verbatim age for a specimen, whether reported by a dating assay, associated references, or legacy information.","L'âge verbatim d'un échantillon, qu'il soit déterminé par une analyse de datation, des références associées ou des informations historiques.","The verbatim age for the objects in the collection, whether reported by a dating assay, associated references, or legacy information.","L'âge exact des objets de la collection, qu'il soit déterminé par une analyse de datation, des références associées ou des informations historiques.","For example, this could be the radiocarbon age as given in an AMS dating report. This could also be simply what is reported as the age of a specimen in legacy collections data.","Par exemple, il peut s'agir de l'âge au carbone-14 indiqué dans un rapport de datation. Il peut également s'agir simplement de l'âge d'un spécimen tel qu'il est indiqué dans les données des collections historiques.",`27 BC to 14 AD`,http://www.w3.org/1999/02/22-rdf-syntax-ns#Property,http://rs.tdwg.org/dwc/terms/attributes/ChronometricAge,No,No
license,License,Licence,A legal document giving official permission to do something with the resource.,Document juridique donnant l'autorisation officielle de faire quelque chose avec la ressource.,A legal document giving official permission to do something with the collection description record.,Un document juridique donnant l'autorisation officielle d'effectuer une action sur l'enregistrement de description de la collection.,"Recommended practice is to identify the license document with a IRI. If this is not possible or feasible, a literal value that identifies the license may be provided.","La pratique recommandée consiste à identifier le document de licence à l'aide d'un IRI. Si cela n'est pas possible ou faisable, une valeur littérale identifiant la licence peut être fournie.","`https://creativecommons.org/licenses/by/4.0/`, `https://creativecommons.org/publicdomain/zero/1.0/`, `https://creativecommons.org/licenses/by/4.0/legalcode`, `https://opendatacommons.org/licenses/by/1.0/`, `http://unlicense.org/`",http://www.w3.org/1999/02/22-rdf-syntax-ns#Property,http://rs.tdwg.org/dwc/terms/attributes/RecordLevel,Yes,No
rights,Rights,Droits,Information about rights held in and over the resource.,Informations sur les droits détenus sur la ressource.,A statement of any rights held in/over the collection description record.,Une déclaration de tous les droits détenus sur l'enregistrement de la description de la collection.,"Typically, rights information includes a statement about various property rights associated with the resource, including intellectual property rights. Recommended practice is to refer to a rights statement with a IRI. If this is not possible or feasible, a literal value (name, label, or short text) may be provided.",,"`http://scratchpads.eu/about/policies/termsandconditions`, `All rights reserved by DataOwner Ltd.`",http://www.w3.org/1999/02/22-rdf-syntax-ns#Property,http://rs.tdwg.org/dwc/terms/attributes/RecordLevel,No,No
rightsHolder,Rights Holder,Titulaire des Droits,A person or organization owning or managing rights over the resource.,Personne ou organisation possédant ou gérant des droits sur la ressource.,A person or organization owning or managing rights held in/over the collection description record.,Personne ou organisation possédant ou gérant des droits sur l'enregistrement de la description de la collection.,"Recommended practice is to refer to the rights holder with a IRI. If this is not possible or feasible, a literal value that identifies the rights holder may be provided.",,"`Smith, Clare`, `Natural History Museum, London`, `https://orcid.org/XXXX-XXXX-XXXX-XXXX`, `https://ror.org/XXaaaXXXX`",http://www.w3.org/1999/02/22-rdf-syntax-ns#Property,http://rs.tdwg.org/dwc/terms/attributes/RecordLevel,No,No
samplingProtocol,Sampling Protocol,Protocole d'Échantillonnage,"The names of, references to, or descriptions of the methods or protocols used during an Event.","Les noms, références ou descriptions des méthodes ou protocoles utilisés lors d'un Event.",,,The primary use of this property is to describe the methods or protocols used to gather objects in the collection.,Cette propriété sert principalement à décrire les méthodes ou protocoles utilisés pour rassembler les objets de la collection.,"`UV light trap`, `mist net`, `bottom trawl`, `ad hoc observation`, `Penguins from space: faecal stains reveal the location of emperor penguin colonies, https://doi.org/10.1111/j.1466-8238.2009.00467.x`, `Takats et al. 2001. Guidelines for Nocturnal Owl Monitoring in North America. Beaverhill Bird Observatory and Bird Studies Canada, Edmonton, Alberta. 32 pp., http://www.bsc-eoc.org/download/Owl.pdf`",http://www.w3.org/1999/02/22-rdf-syntax-ns#Property,http://rs.tdwg.org/dwc/terms/attributes/Event,No,Yes
verbatimEventDate,Verbatim Event Date,Verbatim de la Date de l'Événement,The verbatim original representation of the date and time information for an Event.,La représentation originale tel quel des informations de date et d'heure pour un Event.,,,,,"`spring 1910`, `Marzo 2002`, `1999-03-XX`, `17IV1934`",http://www.w3.org/1999/02/22-rdf-syntax-ns#Property,http://rs.tdwg.org/dwc/terms/attributes/Event,No,No
continent,Continent,Continent,The name of the continent in which the Location occurs.,Le nom du continent dans lequel se trouve la Location.,The name of the continent in which the GeographicContext is located.,Nom du continent dans lequel se trouve le GeographicContext.,Based on best practice Getty Thesaurus of Geographic Names. --> http://www.getty.edu/vow/TGNHierarchy?find=&place=&nation=&english=Y&subjectid=7029392. For cultural collections such as economic botany use the Region field to record things like Pacific to replace Oceania.,"Basé sur les pratiques recommandée par le Getty Thesaurus des noms géographiques. → http://www.getty.edu/vow/TGNHierarchy?find=&place=&nation=&english=Y&subjectid=7029392. Pour les collections culturelles telles que la botanique économique, utilisez le champ Region pour enregistrer des éléments tels que 'Pacific' pour remplacer 'Oceania'.Getty Thesaurus of Geographic Names","`Africa`, `Antarctica`, `Asia`, `Europe`, `North America`, `Oceania`, `South America`",http://www.w3.org/1999/02/22-rdf-syntax-ns#Property,http://rs.tdwg.org/dwc/terms/attributes/GeographicContext,No,No
country,Country,Pays,The name of the country or major administrative unit in which the Location occurs.,Le nom du pays ou de l'unité administrative principale dans lesquels se trouve la Location.,The name of the country or major administrative unit in which the GeographicContext is located.,Le nom du pays ou de l'unité administrative principale dans lesquels se trouve le GeographicContext.,Recommended best practice is to use a controlled vocabulary such as the Getty Thesaurus of Geographic Names,La pratique optimale recommandée consiste à utiliser un vocabulaire contrôlé tel que le Getty Thesaurus of Geographic Names.,"`Angola`, `Denmark`, `Colombia`, `Españax`",http://www.w3.org/1999/02/22-rdf-syntax-ns#Property,http://rs.tdwg.org/dwc/terms/attributes/GeographicContext,No,No
countryCode,Country Code,Code du Pays,The standard code for the country in which the Location occurs.,Le code standardisé du pays dans lequel se trouve la Location.,The standard code for the country in which the GeographicContext is located.,Le code standardisé du pays dans lequel se trouve le GeographicContext.,Recommended best practice is to use an ISO 3166-1-alpha-2 country code.,La pratique optimale recommandée consiste à utiliser le code pays ISO 3166-1-alpha-2.,"`AR`, `SV`",http://www.w3.org/1999/02/22-rdf-syntax-ns#Property,http://rs.tdwg.org/dwc/terms/attributes/GeographicContext,No,No
county,Second Order Division,Division du Second Ordre,"The full, unabbreviated name of the next smaller administrative region than stateProvince (county, shire, department, etc.) in which the Location occurs.","Le nom complet et non abrégé de la région administrative immédiatement inférieure à stateProvince (comté, département, etc.) dans laquelle se trouve la Location.","The full, unabbreviated name of the next smaller administrative region than stateProvince (county, shire, department, etc.) in which the GeographicContext is located.","Le nom complet et non abrégé de la région administrative immédiatement inférieure à stateProvince (comté, département, etc.) dans laquelle se trouve le GeographicContext.",Recommended best practice is to use a controlled vocabulary such as the Getty Thesaurus of Geographic Names and to leave this field blank if the Location spans multiple entities at this administrative level or is uncertain.,La pratique optimale recommandée consiste à utiliser un vocabulaire contrôlé tel que le Getty Thesaurus of Geographic Names et à laisser ce champ vide si la Location couvre plusieurs entités à ce niveau administratif ou si elle est incertaine.,"`Missoula`, `Los Lagos`, `Mataró`",http://www.w3.org/1999/02/22-rdf-syntax-ns#Property,http://rs.tdwg.org/dwc/terms/attributes/GeographicContext,No,No
island,Island,Île,The name of the island on or near which the Location occurs.,Le nom de l'île sur laquelle ou à proximité de laquelle se trouve la Location.,The name of the island on or near which the GeographicContext is located.,Le nom de l'île sur laquelle ou à proximité de laquelle se trouve le GeographicContext.,Recommended best practice is to use a controlled vocabulary such as the Getty Thesaurus of Geographic Names.,La pratique optimale recommandée consiste à utiliser un vocabulaire contrôlé tel que le Getty Thesaurus of Geographic Names.,"`Nosy Be`, `Bikini Atoll`, `Vancouver`, `Viti Levu`, `Zanzibar`",http://www.w3.org/1999/02/22-rdf-syntax-ns#Property,http://rs.tdwg.org/dwc/terms/attributes/GeographicContext,No,No
islandGroup,Island Group,Groupement d'Îles,The name of the island group in which the Location occurs.,Le nom du groupement d'îles dans lequel se trouve la Location.,The name of the island group in which the location occurs.,Le nom du groupement d'îles dans lequel se trouve le GeographicContext.,Recommended best practice is to use a controlled vocabulary such as the Getty Thesaurus of Geographic Names.,La pratique optimale recommandée consiste à utiliser un vocabulaire contrôlé tel que le Getty Thesaurus of Geographic Names.,"`Alexander Archipelago`, `Archipiélago Diego Ramírez`, `Seychelles`",http://www.w3.org/1999/02/22-rdf-syntax-ns#Property,http://rs.tdwg.org/dwc/terms/attributes/GeographicContext,No,No
locality,Locality,Localité,The specific description of the place.,La description précise du lieu.,,,"Less specific geographic information can be provided in other geographic terms (continent, waterBody). This term may contain information modified from the original to correct perceived errors or standardize the description.","Des informations géographiques moins spécifiques peuvent être fournies dans d'autres termes géographiques (continent, waterBody). Ce terme peut contenir des informations modifiées par rapport à l'original afin de corriger des erreurs perçues ou de standardiser la description.","`Bariloche, 25 km NNE via Ruta Nacional 40 (=Ruta 237).`",http://www.w3.org/1999/02/22-rdf-syntax-ns#Property,http://rs.tdwg.org/dwc/terms/attributes/GeographicContext,No,No
municipality,Municipality,Municipalité,"The full, unabbreviated name of the next smaller administrative region than county (city, municipality, etc.) in which the Location occurs. Do not use this term for a nearby named place that does not contain the actual location.","Le nom complet et non abrégé de la région administrative immédiatement inférieure au comté (ville, municipalité, etc.) dans laquelle se trouve la Location. N'utilisez pas ce terme pour un lieu nommé à proximité qui ne contient pas la Location elle-même.","The full, unabbreviated name of the next smaller administrative region than county (city, municipality, etc.) in which the GeographicContext is located. Do not use this term for a nearby named place that does not contain the actual location.","Le nom complet et non abrégé de la région administrative immédiatement inférieure au comté (ville, municipalité, etc.) dans laquelle se trouve le GeographicContext. N'utilisez pas ce terme pour un lieu nommé à proximité qui ne contient pas la localisation elle-même.",Recommended best practice is to use a controlled vocabulary such as the Getty Thesaurus of Geographic Names.,La pratique optimale recommandée consiste à utiliser un vocabulaire contrôlé tel que le Getty Thesaurus of Geographic Names.,"`Holzminden`, `Araçatuba`, `Ga-Segonyana`",http://www.w3.org/1999/02/22-rdf-syntax-ns#Property,http://rs.tdwg.org/dwc/terms/attributes/GeographicContext,No,No
stateProvince,First Order Division,Division du Premier Ordre,"The name of the next smaller administrative region than country (state, province, canton, department, region, etc.) in which the Location occurs.","Le nom de la région administrative immédiatement inférieure au pays (état, province, canton, département, région, etc.) dans laquelle se trouve la cterms:Location","The name of the next smaller administrative region than country (state, province, canton, department, region, etc.) in which the GeographicContext is located.","Le nom de la région administrative immédiatement inférieure au pays (état, province, canton, département, région, etc.) dans laquelle se trouve le GeographicContext.",Recommended best practice is to use a controlled vocabulary such as the Getty Thesaurus of Geographic Names and to leave this field blank if the Location spans multiple entities at this administrative level or is uncertain.,La pratique optimale recommandée consiste à utiliser un vocabulaire contrôlé tel que le Getty Thesaurus of Geographic Names et à laisser ce champ vide si la Location couvre plusieurs entités à ce niveau administratif ou si elle est incertaine.,"`Montana`, `Minas Gerais`, `Córdoba`",http://www.w3.org/1999/02/22-rdf-syntax-ns#Property,http://rs.tdwg.org/dwc/terms/attributes/GeographicContext,No,No
waterBody,Water Body,Étendue d'Eau,The name of the water body in which the Location occurs.,Le nom du plan d'eau dans laquelle se situe la Location.,The name of the water body in which the GeographicContext is located.,Le nom du plan d'eau dans laquelle se situe le GeographicContext.,"This is intended to define the lowest water body or aquatic feature that defines the geographical constraints of aquatic collections below ocean. Suggestions for appropriate vocabularies include: HydroLAKES (https://www.hydrosheds.org/page/hydrolakes), a database aiming to provide the shoreline polygons of all global lakes with a surface area of at least 10 ha, the 'water body' term in the OBO ontology (http://purl.obolibrary.org/obo/ENVO_00000063) and, for marine water bodies, IHO Sea Areas (http://www.vliz.be/en/imis?dasid=5444&doiid=323).","Ce terme vise à définir le plan d'eau ou l'élément aquatique le plus précis qui détermine les contraintes géographiques des collections aquatiques situées sous 'océan'. Voici quelques suggestions de vocabulaire approprié : HydroLAKES (https://www.hydrosheds.org/page/hydrolakes), une base de données visant à fournir les polygones de rivage de tous les lacs mondiaux d'une superficie d'au moins 10 ha, le terme « masse d'eau » dans l'ontologie OBO (http://purl. obolibrary.org/obo/ENVO_00000063) et, pour les masses d'eau marines, les zones maritimes de l'OHI (http://www.vliz.be/en/imis?dasid=5444&doiid=323).","`Baltic Sea`, `Hudson River`, `Lago Nahuel Huapi`",http://www.w3.org/1999/02/22-rdf-syntax-ns#Property,http://rs.tdwg.org/dwc/terms/attributes/GeographicContext,No,No
bed,Bed,Lit,The full name of the lithostratigraphic bed from which the cataloged item was collected.,Le nom complet du lit lithostratigraphique à partir de laquelle l’objet catalogué a été collectée.,The full name of the lithostratigraphic bed from which the objects in the collection originated.,Nom complet de la couche lithostratigraphique d'où proviennent les objets de la collection.,Recommended vocabulary: https://ngmdb.usgs.gov/Geolex/search,Vocabulaire recommandé : https://ngmdb.usgs.gov/Geolex/search,"`Beecher Trilobite Bed`, `McAbee Fossil Beds`, `Ashfall Fossil Beds`, `Nut Beds`",http://www.w3.org/1999/02/22-rdf-syntax-ns#Property,http://rs.tdwg.org/dwc/terms/attributes/GeologicalContext,No,No
earliestAgeOrLowestStage,Earliest Age Or Lowest Stage,Âge le plus Ancien ou Étage Inférieur,The full name of the earliest possible geochronologic age or lowest chronostratigraphic stage attributable to the stratigraphic horizon from which the cataloged item was collected.,Le nom complet de l'âge géochronologique le plus ancien possible ou de l'étage chronostratigraphique le plus bas attribuable à l'horizon stratigraphique à partir duquel l'objet catalogué a été collecté.,The full name of the earliest possible geochronologic age or lowest chronostratigraphic stage attributable to the stratigraphic horizon from which objects in the collection originated.,Le nom complet de l'âge géochronologique le plus ancien possible ou de l'étage chronostratigraphique le plus bas attribuable à l'horizon stratigraphique à partir duquel les objets de la collection ont collectés.,"Recommended vocabularies: https://stratigraphy.org/chart, https://timescalefoundation.org/resources/geowhen/index.html","Vocabulaires recommandés : https://stratigraphy.org/chart, https://timescalefoundation.org/resources/geowhen/index.html","`Atlantic`, `Boreal`, `Frasnian`, `Hirnantian`, `Maastrichtian`, `Bridgerian`",http://www.w3.org/1999/02/22-rdf-syntax-ns#Property,http://rs.tdwg.org/dwc/terms/attributes/GeologicalContext,No,No
earliestEonOrLowestEonothem,Earliest Eon Or Lowest Eonothem,Éon le plus Ancien ou Éonothème Inférieur,The full name of the earliest possible geochronologic eon or lowest chrono-stratigraphic eonothem or the informal name (Precambrian) attributable to the stratigraphic horizon from which the cataloged item was collected.,"Le nom complet de l'éon géochronologique le plus ancien possible ou de l'éonothème chrono-stratigraphique le plus bas, ou le nom informel (""Précambrien"") attribuable à l'horizon stratigraphique à partir duquel l'objet catalogué a été collecté.",The full name of the earliest possible geochronologic eon or lowest chrono-stratigraphic eonothem or the informal name (Precambrian) attributable to the stratigraphic horizon from which the objects in the collection originated.,"Le nom complet de l'éon géochronologique le plus ancien possible ou de l'éonothème chrono-stratigraphique le plus bas, ou le nom informel (""Précambrien"") attribuable à l'horizon stratigraphique à partir duquel les objets de la collection ont collectés.","Recommended vocabularies: https://stratigraphy.org/chart, https://timescalefoundation.org/resources/geowhen/index.html","Vocabulaires recommandés : https://stratigraphy.org/chart, https://timescalefoundation.org/resources/geowhen/index.html","`Phanerozoic`, `Proterozoic`, `Arechean`, `Hadean`",http://www.w3.org/1999/02/22-rdf-syntax-ns#Property,http://rs.tdwg.org/dwc/terms/attributes/GeologicalContext,No,No
earliestEpochOrLowestSeries,Earliest Epoch Or Lowest Series,Époque la plus Ancienne ou Série la plus Basse,The full name of the earliest possible geochronologic epoch or lowest chronostratigraphic series attributable to the stratigraphic horizon from which the cataloged item was collected.,Le nom complet de l'époque géochronologique la plus ancienne possible ou de la série chronostratigraphique la plus basse attribuable à l'horizon stratigraphique à partir duquel l'objet catalogué a été collecté.,The full name of the earliest possible geochronologic epoch or lowest chronostratigraphic series attributable to the stratigraphic horizon from which objects in the collection originated.,Le nom complet de l'époque géochronologique la plus ancienne possible ou de la série chronostratigraphique la plus basse attribuable à l'horizon stratigraphique à partir duquel les objets de la collection ont collectés.,"Recommended vocabularies: https://stratigraphy.org/chart, https://timescalefoundation.org/resources/geowhen/index.html","Vocabulaires recommandés : https://stratigraphy.org/chart, https://timescalefoundation.org/resources/geowhen/index.html","`Holocene`, `Pleistocene`, `Ibexian`, `Late Devonian`",http://www.w3.org/1999/02/22-rdf-syntax-ns#Property,http://rs.tdwg.org/dwc/terms/attributes/GeologicalContext,No,No
earliestEraOrLowestErathem,Earliest Era Or Lowest Erathem,Ère la plus Ancienne ou Érathème Inférieur,The full name of the earliest possible geochronologic era or lowest chronostratigraphic erathem attributable to the stratigraphic horizon from which the cataloged item was collected.,Le nom complet de l'ère géochronologique potentielle la plus ancienne ou de l'érythème chronostratigraphique le plus bas attribuable à l'horizon stratigraphique à partir duquel l'objet catalogué a été collecté.,The full name of the earliest possible geochronologic era or lowest chronostratigraphic erathem attributable to the stratigraphic horizon from which the objects in the collection originated.,Le nom complet de l'ère géochronologique potentielle la plus ancienne ou de l'érythème chronostratigraphique le plus bas attribuable à l'horizon stratigraphique à partir duquel les objets de la collection ont collectés.,"Recommended vocabularies: https://stratigraphy.org/chart, https://timescalefoundation.org/resources/geowhen/index.html","Vocabulaires recommandés : https://stratigraphy.org/chart, https://timescalefoundation.org/resources/geowhen/index.html","`Cenozoic`, `Mesozoic`, `Paleozoic`, `Neoproterozoic`",http://www.w3.org/1999/02/22-rdf-syntax-ns#Property,http://rs.tdwg.org/dwc/terms/attributes/GeologicalContext,No,No
earliestPeriodOrLowestSystem,Earliest Period Or Lowest System,Première Période ou Système Inférieur,The full name of the earliest possible geochronologic period or lowest chronostratigraphic system attributable to the stratigraphic horizon from which the cataloged item was collected.,Le nom complet de la période géochronologique la plus ancienne possible ou du système chronostratigraphique le plus bas attribuable à l'horizon stratigraphique à partir duquel l'objet catalogué a été collecté.,The full name of the earliest possible geochronologic period or lowest chronostratigraphic system attributable to the stratigraphic horizon from which objects in the collection originated.,Le nom complet de la période géochronologique la plus ancienne possible ou du système chronostratigraphique le plus bas attribuable à l'horizon stratigraphique à partir duquel les objets de la collection ont collectés.,"Recommended vocabularies: https://stratigraphy.org/chart, https://timescalefoundation.org/resources/geowhen/index.html","Vocabulaires recommandés : https://stratigraphy.org/chart, https://timescalefoundation.org/resources/geowhen/index.html","`Neogene`, `Quaternary`, `Jurassic`, `Devonian`",http://www.w3.org/1999/02/22-rdf-syntax-ns#Property,http://rs.tdwg.org/dwc/terms/attributes/GeologicalContext,No,No
formation,Formation,Formation,The full name of the lithostratigraphic formation from which the cataloged item was collected.,Le nom complet de la formation lithostratigraphique à partir de laquelle l’objet catalogué a été collecté.,The full name of the lithostratigraphic formation from which objects in the collection originated.,Le nom complet de la formation lithostratigraphique à partir de laquelle les objets de la collection ont collectés.,Recommended vocabulary: https://ngmdb.usgs.gov/Geolex/search,Vocabulaire recommandé : https://ngmdb.usgs.gov/Geolex/search,"`Notch Peak Formation`, ` House Limestone`, `Fillmore Formation`, `Redwall Limestone`",http://www.w3.org/1999/02/22-rdf-syntax-ns#Property,http://rs.tdwg.org/dwc/terms/attributes/GeologicalContext,No,No
group,Group,Groupe,The full name of the lithostratigraphic group from which the cataloged item was collected.,Le nom complet du groupe lithostratigraphique à partir duquel l’objet catalogué a été collecté.,The full name of the lithostratigraphic group from which the objects in the collection originated.,Le nom complet du groupe lithostratigraphique à partir duquel les objets de la collection ont collectés.,Recommended vocabulary: https://ngmdb.usgs.gov/Geolex/search,Vocabulaire recommandé : https://ngmdb.usgs.gov/Geolex/search,"`Bathurst`, `Wealden`, `Elk Mound`, `Supai`",http://www.w3.org/1999/02/22-rdf-syntax-ns#Property,http://rs.tdwg.org/dwc/terms/attributes/GeologicalContext,No,No
latestAgeOrHighestStage,Latest Age Or Highest Stage,Âge le plus Récent ou Étage Supérieur,The full name of the latest possible geochronologic age or highest chronostratigraphic stage attributable to the stratigraphic horizon from which the cataloged item was collected.,Le nom complet de l'âge géochronologique le plus récent possible ou de l'étage chronostratigraphique le plus haut attribuable à l'horizon stratigraphique à partir duquel l'objet catalogué a été collecté.,The full name of the latest possible geochronologic age or highest chronostratigraphic stage attributable to the stratigraphic horizon from which objects in the collection originated.,Le nom complet de l'âge géochronologique le plus récent possible ou de l'étage chronostratigraphique le plus haut attribuable à l'horizon stratigraphique à partir duquel les objets de la collection ont collectés.,"Recommended vocabularies: https://stratigraphy.org/chart, https://timescalefoundation.org/resources/geowhen/index.html","Vocabulaires recommandés : https://stratigraphy.org/chart, https://timescalefoundation.org/resources/geowhen/index.html","`Atlantic`, `Boreal`",http://www.w3.org/1999/02/22-rdf-syntax-ns#Property,http://rs.tdwg.org/dwc/terms/attributes/GeologicalContext,No,No
latestEonOrHighestEonothem,Latest Eon Or Highest Eonothem,Éon le plus Récent ou Eonothème le plus Élevé,The full name of the latest possible geochronologic eon or highest chrono-stratigraphic eonothem or the informal name (Precambrian) attributable to the stratigraphic horizon from which the cataloged item was collected.,"Le nom complet de l'éon géochronologique le plus récent possible ou de l'éonothème chrono-stratigraphique le plus élevé, ou le nom informel (""Précambrien"") attribuable à l'horizon stratigraphique à partir duquel l'objet catalogué a été collecté.",The full name of the latest possible geochronologic eon or highest chrono-stratigraphic eonothem or the informal name (Precambrian) attributable to the stratigraphic horizon from which the objects in the collection originated.,"Le nom complet de l'éon géochronologique le plus récent possible ou de l'éonothème chrono-stratigraphique le plus élevé, ou le nom informel (""Précambrien"") attribuable à l'horizon stratigraphique à partir duquel les objets de la collection ont collectés.","Recommended vocabularies: https://stratigraphy.org/chart, https://timescalefoundation.org/resources/geowhen/index.html","Vocabulaires recommandés : https://stratigraphy.org/chart, https://timescalefoundation.org/resources/geowhen/index.html","`Phanerozoic`, `Proterozoic`",http://www.w3.org/1999/02/22-rdf-syntax-ns#Property,http://rs.tdwg.org/dwc/terms/attributes/GeologicalContext,No,No
latestEpochOrHighestSeries,Latest Epoch Or Highest Series,Époque la plus Récente ou Série la plus Haute,The full name of the latest possible geochronologic epoch or highest chronostratigraphic series attributable to the stratigraphic horizon from which the cataloged item was collected.,Le nom complet de l'époque géochronologique la plus récente possible ou de la série chronostratigraphique la plus haute attribuable à l'horizon stratigraphique à partir duquel l'objet catalogué a été collecté.,The full name of the latest possible geochronologic epoch or highest chronostratigraphic series attributable to the stratigraphic horizon from which objects in the collection originated.,Le nom complet de l'époque géochronologique la plus récente possible ou de la série chronostratigraphique la plus haute attribuable à l'horizon stratigraphique à partir duquel les objets de la collection ont collectés.,"Recommended vocabularies: https://stratigraphy.org/chart, https://timescalefoundation.org/resources/geowhen/index.html","Vocabulaires recommandés : https://stratigraphy.org/chart, https://timescalefoundation.org/resources/geowhen/index.html","`Holocene`, `Pleistocene`",http://www.w3.org/1999/02/22-rdf-syntax-ns#Property,http://rs.tdwg.org/dwc/terms/attributes/GeologicalContext,No,No
latestEraOrHighestErathem,Latest Era Or Highest Erathem,Dernière Ère ou Érathème Supérieur,The full name of the latest possible geochronologic era or highest chronostratigraphic erathem attributable to the stratigraphic horizon from which the cataloged item was collected.,Le nom complet de l'ère géochronologique la plus récente possible ou de l'érathème chronostratigraphique la plus haute attribuable à l'horizon stratigraphique à partir duquel l'objet catalogué a été collecté.,The full name of the latest possible geochronologic era or highest chronostratigraphic erathem attributable to the stratigraphic horizon from which objects in the collection originated.,Le nom complet de l'ère géochronologique la plus récente possible ou de l'érathème chronostratigraphique la plus haute attribuable à l'horizon stratigraphique à partir duquel les objets de la collection ont collectés.,"Recommended vocabularies: https://stratigraphy.org/chart, https://timescalefoundation.org/resources/geowhen/index.html","Vocabulaires recommandés : https://stratigraphy.org/chart, https://timescalefoundation.org/resources/geowhen/index.html","`Cenozoic`, `Mesozoic`",http://www.w3.org/1999/02/22-rdf-syntax-ns#Property,http://rs.tdwg.org/dwc/terms/attributes/GeologicalContext,No,No
latestPeriodOrHighestSystem,Latest Period Or Highest System,Période la plus Récente ou Système Supérieur,The full name of the latest possible geochronologic period or highest chronostratigraphic system attributable to the stratigraphic horizon from which the cataloged item was collected.,Le nom complet de la dernière période géochronologique possible ou du système chronostratigraphique le plus élevé attribuable à l'horizon stratigraphique à partir duquel l'objet catalogué a été collecté.,The full name of the latest possible geochronologic period or highest chronostratigraphic system attributable to the stratigraphic horizon from which objects in the collection originated.,Le nom complet de la dernière période géochronologique possible ou du système chronostratigraphique le plus élevé attribuable à l'horizon stratigraphique à partir duquel les objets de la collection ont collectés.,"Recommended vocabularies: https://stratigraphy.org/chart, https://timescalefoundation.org/resources/geowhen/index.html","Vocabulaires recommandés : https://stratigraphy.org/chart, https://timescalefoundation.org/resources/geowhen/index.html","`Neogene`, `Tertiary`, `Quaternary`",http://www.w3.org/1999/02/22-rdf-syntax-ns#Property,http://rs.tdwg.org/dwc/terms/attributes/GeologicalContext,No,No
member,Member,Membre,The full name of the lithostratigraphic member from which the cataloged item was collected.,Le nom complet du membre lithostratigraphique à partir duquel l'objet catalogué a été collecté.,The full name of the lithostratigraphic member from which objects in the collection originated.,Nom complet du membre lithostratigraphique dont proviennent les objets de la collection.,Recommend vocabulary: https://ngmdb.usgs.gov/Geolex/search,Vocabulaire recommandé : https://ngmdb.usgs.gov/Geolex/search,"`Lava Dam Member`, `Hellnmaria Member`, `Francis Creek Shale`",http://www.w3.org/1999/02/22-rdf-syntax-ns#Property,http://rs.tdwg.org/dwc/terms/attributes/GeologicalContext,No,No
measurementAccuracy,Measurement Accuracy,Précision de la Mesure,The description of the potential error associated with the measurementValue.,La description de l'erreur ou marge d'erreur potentielle associée à la measurementValue.,The description of the potential error associated with the measurementValue applied to the collection.,Description de l'erreur potentielle associée à la measurementValue appliquée à la collection,,,"`0.01`, `Normal distribution with variation of 2 m`, `Reported`, `Estimated`",http://www.w3.org/1999/02/22-rdf-syntax-ns#Property,http://rs.tdwg.org/dwc/terms/attributes/MeasurementOrFact,No,No
measurementMethod,Measurement Method,Méthode de Mesure,"A description of or reference to (publication, IRI) the method or protocol used to determine the measurement, fact, characteristic, or assertion.","Une description ou référence (publication, URI) de la méthode ou du protocole utilisé pour déterminer la mesure, le fait, la caractéristique ou l'affirmation.",,,,,"`DiSSCo MIDS level`, `LtC Standard Metric`, `https://doi.org/10.5281/zenodo.3465285`",http://www.w3.org/1999/02/22-rdf-syntax-ns#Property,http://rs.tdwg.org/dwc/terms/attributes/MeasurementOrFact,No,No
measurementRemarks,Measurement Remarks,Remarques sur la Mesure,Comments or notes accompanying the MeasurementOrFact.,Commentaires ou notes accompagnant la MeasurementOrFact.,,,,,"`Does not include on-loan material`, `Footprint includes housing`",http://www.w3.org/1999/02/22-rdf-syntax-ns#Property,http://rs.tdwg.org/dwc/terms/attributes/MeasurementOrFact,No,No
measurementType,Measurement Type,Type de Mesure,"The nature of the measurement, fact, characteristic, or assertion.","La nature de la mesure, du fait, de la caractéristique ou de l'affirmation.",,,Recommended best practice is to use a controlled vocabulary.,La pratique optimale recommandée est d'utiliser un vocabulaire contrôlé.,"`Imaged Level Percentage`, `Storage Volume`, `Object Count`, `MIDS-0 Object Count`, `Historical narrative`",http://www.w3.org/1999/02/22-rdf-syntax-ns#Property,http://rs.tdwg.org/dwc/terms/attributes/MeasurementOrFact,No,No
measurementUnit,Measurement Unit,Unité de Mesure,The units associated with the measurementValue.,Les unités associées à la measurementValue.,,,"For some use cases, this property can also be used to reflect the type of value being stored (e.g. a count, or a percentage).","Dans certains cas, cette propriété peut également être utilisée pour refléter le type de valeur stockée (par exemple, un nombre ou un pourcentage).","`mm`, `C`, `km`, `ha`, `count`, `percentage`, `category`",http://www.w3.org/1999/02/22-rdf-syntax-ns#Property,http://rs.tdwg.org/dwc/terms/attributes/MeasurementOrFact,No,No
measurementValue,Measurement Value,Valeur de la Mesure,"The value of the measurement, fact, characteristic, or assertion.","La valeur de la mesure, du fait, de l'affirmation ou de la caractéristique.",The numeric value of the quantitative measurement being made about the collection.,La valeur numérique de la mesure quantitative effectuée sur la collection.,"In the Collection Description standard, this field is constrained to only accept numeric values in order to better support the aggregation of quantitative metrics. For any non-numeric values, and metrics where the scale is a numeral that cannot be used in any calculations the measurementFactText property should be used instead.","Dans le standard de la Description des Collections, ce champ est limité à l'acceptation de valeurs numériques uniquement afin de mieux prendre en charge l'agrégation des mesures quantitatives. Pour toutes les valeurs non numériques et les mesures dont l'échelle est un nombre qui ne peut être utilisé dans aucun calcul, la propriété measurementFactText doit être utilisée à la place.","`45`, `20000`, `1`, `14.5`",http://www.w3.org/1999/02/22-rdf-syntax-ns#Property,http://rs.tdwg.org/dwc/terms/attributes/MeasurementOrFact,No,No
degreeOfEstablishment,Degree of Establishment,Degré d'Implantation,"The degree to which an Organism survives, reproduces, and expands its range at the given place and time.","Le degré de survie, de reproduction et d'expansion de l'aire de répartition d'un organisme à un endroit et à un moment donnés.",,,"Some preserved collections are specifically created from cultivated or captive organisms, or perhaps from rare vagrants. Recommended best practice is to use controlled value strings from the controlled vocabulary designated for use with this term, listed at http://rs.tdwg.org/dwc/doc/doe/. For details, refer to https://doi.org/10.3897/biss.3.38084.","Certaines collections sont spécifiquement créées à partir d'organismes cultivés ou captifs, ou peut-être à partir d'espèces rares erratiques. La pratique optimale recommandée est d'utiliser les valeurs permises par le vocabulaire contrôlé dédié à ce terme, dont la liste figure à l'adresse http://rs.tdwg.org/dwc/doc/doe/. Pour plus de détails, voir https://doi.org/10.3897/biss.3.38084. ","`native`, `captive`, `cultivated`, `released`, `failing`, `casual`, `reproducing`, `established`, `colonising`, `invasive`, `widespreadInvasive`",http://www.w3.org/1999/02/22-rdf-syntax-ns#Property,http://rs.tdwg.org/dwc/terms/attributes/ObjectGroup,No,Yes
relatedResourceID,Related Resource ID,Identifiant de la Ressource Liée,"An identifier for a related resource (the object, rather than the subject of the relationship).",Identifiant d'une ressource liée (l'objet plutôt que le sujet de la relation).,,,,,`dc609808-b09b-11e8-96f8-529269fb1459`,http://www.w3.org/1999/02/22-rdf-syntax-ns#Property,http://rs.tdwg.org/dwc/terms/attributes/ResourceRelationship,No,No
relationshipAccordingTo,Relationship According To,Relation selon,"The source (person, organization, publication, reference) establishing the relationship between the two resources.","La source (personne, organisation, publication, référence) établissant la relation entre les deux ressources.",,,,,`Julie Woodruff`,http://www.w3.org/1999/02/22-rdf-syntax-ns#Property,http://rs.tdwg.org/dwc/terms/attributes/ResourceRelationship,No,Yes
relationshipEstablishedDate,Relationship Established Date,Date d'Établissement de la Relation,The date-time on which the relationship between the two resources was established.,Date à laquelle la relation entre les deux ressources a été établie.,,,Recommended best practice is to use a date that conforms to ISO 8601-1:2019.,La pratique optimale recommandée est d'utiliser une date conforme à la norme ISO 8601-1:2019.,"`1963-03-08T14:07-0600`, `2009-02-20T08:40Z`, `2018-08-29T15:19`, `1809-02-12`, `1906-06`, `1971`, `2007-03-01T13:00:00Z/2008-05-11T15:30:00Z`, `1900/1909`, `2007-11-13/15`",http://www.w3.org/1999/02/22-rdf-syntax-ns#Property,http://rs.tdwg.org/dwc/terms/attributes/ResourceRelationship,No,No
relationshipRemarks,Relationship Remarks,Remarques sur les Relations,Comments or notes about the relationship between the two resources.,Commentaires ou notes sur la relation entre les deux ressources.,,,,,"`The Darwin fossil collection makes up part of the museum's palaeontology collection.`, `Some of the same Madagascan bryophytes are included in both of these collections.`",http://www.w3.org/1999/02/22-rdf-syntax-ns#Property,http://rs.tdwg.org/dwc/terms/attributes/ResourceRelationship,No,No
resourceID,Resource ID,Identifiant de la Ressource,An identifier for the resource that is the subject of the relationship.,Un identifiant de la ressource qui prend part à la relation en tant que sujet.,,,,,`f809b9e0-b09b-11e8-96f8-529269fb1459`,http://www.w3.org/1999/02/22-rdf-syntax-ns#Property,http://rs.tdwg.org/dwc/terms/attributes/ResourceRelationship,Yes,No
genus,Genus,Genre,The full scientific name of the genus in which the taxon is classified.,Le nom scientifique complet du genre dans lequel le taxon est classé.,The full scientific name of the genus in which the collection's taxa are classified.,Nom scientifique complet du genre dans lequel les taxons de la collection sont classés.,,,"`Puma`, `Monoclea`",http://www.w3.org/1999/02/22-rdf-syntax-ns#Property,http://rs.tdwg.org/dwc/terms/attributes/Taxon,No,No
kingdom,Kingdom,Règne,The full scientific name of the kingdom in which the taxon is classified.,Le nom scientifique complet du règne dans lequel le taxon est classé.,The full scientific name of the kingdom in which the taxa in the collection are classified.,Le nom scientifique complet du règne dans lequel les taxons de la collection sont classés.,Examples of controlled vocabularies include http://tdwg.github.io/ontology/ontology/voc/Collection.rdf and https://doi.org/10.1371/journal.pone.0130114 https://en.wikipedia.org/wiki/Two-empire_system.,Exemples de vocabulaires contrôlés : http://tdwg.github.io/ontology/ontology/voc/Collection.rdf et https://doi.org/10.1371/journal.pone.0130114 et https://en.wikipedia.org/wiki/Two-empire_system.,"`Animalia`, `Archaea`, `Bacteria`, `Chromista`, `Fungi`, `Plantae`, `Protozoa`, `Viruses`",http://www.w3.org/1999/02/22-rdf-syntax-ns#Property,http://rs.tdwg.org/dwc/terms/attributes/Taxon,No,No
scientificName,Scientific Name,Nom Scientifique,"The full scientific name, with authorship and date information if known. When forming part of an Identification, this should be the name in lowest level taxonomic rank that can be determined. This term should not contain identification qualifications, which should instead be supplied in the IdentificationQualifier term.","date si elles sont connues. Lorsqu'il fait partie d'une Identification, il doit s'agir du nom du rang taxonomique le plus précis qui puisse être déterminé. Ce terme ne doit pas contenir de qualificatifs d'identification, qui doivent être fournies sous le terme IdentificationQualifier.",The full scientific name. This should be the name in lowest level taxonomic rank that applies across the collection.,Le nom scientifique complet. Il doit s'agir du nom correspondant au rang taxonomique le moins inclusif qui s'applique à l'ensemble de la collection.,"If this field is used, then recommended to also complete the taxonRank. This term should not contain identification qualifications.","Si ce champ est utilisé, il est recommandé de remplir également le champ taxonRank. Ce terme ne doit pas contenir de qualifications d'identification.","`Coleoptera` (order), `Vespertilionidae` (family), `Manis` (genus), `Ctenomys sociabilis` (genus + specificEpithet), `Ambystoma tigrinum diaboli` (genus + specificEpithet + infraspecificEpithet)",http://www.w3.org/1999/02/22-rdf-syntax-ns#Property,http://rs.tdwg.org/dwc/terms/attributes/Taxon,No,No
taxonRank,Taxon Rank,Rang du Taxon,The taxonomic rank of the most specific name in the scientificName.,Le rang taxonomique du nom le moins inclusif dans le nom scientifique.,,,Recommended best practice is to use a controlled vocabulary. For example: https://bioportal.bioontology.org/ontologies/TAXRANK?p=summary,La pratique optimale recommandée consiste à utiliser un vocabulaire contrôlé. Par exemple : https://bioportal.bioontology.org/ontologies/TAXRANK?p=summary,"`subspecies`, `varietas`, `forma`, `species`, `genus`",http://www.w3.org/1999/02/22-rdf-syntax-ns#Property,http://rs.tdwg.org/dwc/terms/attributes/Taxon,No,No
